{
    "K": 0.3534979078088126,
    "mu": 0.0005984544465108771,
    "L_f": 0.0,
    "delta_mean": 0.005984544465108771,
    "r0": 0.0012797259460295078,
    "M": 1.0
}