{
    "K": 9.286437812073844,
    "mu": 0.00026561774524159093,
    "L_f": -1.9739208802178716,
    "delta_mean": 0.0026561774524159094,
    "r0": 0.0012694012171783526
}