{
    "E_init": 0.012976968184029712,
    "E_PI": 0.24891225529638178,
    "N_SP": 7,
    "E_ref": 0.07935197795999988
}