{
    "E_init": 0.012976968184029712,
    "E_PI": 0.2612123275969326,
    "N_SP": 7,
    "E_ref": 0.07966634436573133
}