{
    "E_init": 0.012976968184029712,
    "E_PI": 0.0012002259799890611,
    "N_SP": 1,
    "E_ref": 0.012562356194835703
}