{
    "E_init": 0.012976968184029712,
    "E_PI": 0.08125457059801734,
    "N_SP": 5,
    "E_ref": 0.05808192859385817
}