{
    "E_init": 0.012976968184029712,
    "E_PI": 0.003743056266301301,
    "N_SP": 1,
    "E_ref": 0.012546479869213235
}