{
    "E_init": 0.012976968184029712,
    "E_PI": 0.00032818399966839126,
    "N_SP": 1,
    "E_ref": 0.012673610558866817
}