{
    "E_init": 0.012976968184029712,
    "E_PI": 0.07251360950500606,
    "N_SP": 5,
    "E_ref": 0.051639216949627816
}