{
    "E_init": 0.012976968184029712,
    "E_PI": 0.0391165363108709,
    "N_SP": 6,
    "E_ref": 0.026444989120228107
}