{
    "E_init": 0.012976968184029712,
    "E_PI": 0.24033154656611774,
    "N_SP": 6,
    "E_ref": 0.07889307568304134
}