{
    "E_init": 0.012976968184029712,
    "E_PI": 0.002747782250625987,
    "N_SP": 1,
    "E_ref": 0.01258601040180817
}