{
    "E_init": 0.012976968184029712,
    "E_PI": 0.0021621344535173734,
    "N_SP": 1,
    "E_ref": 0.012616382293271593
}