{
    "E_init": 0.012976968184029712,
    "E_PI": 0.005460711259968619,
    "N_SP": 4,
    "E_ref": 0.01321395388313278
}