{
    "E_init": 0.012976968184029712,
    "E_PI": 0.009971331144721268,
    "N_SP": 3,
    "E_ref": 0.013270762828864352
}