{
    "E_init": 0.012976968184029712,
    "E_PI": 0.020476392865143536,
    "N_SP": 5,
    "E_ref": 0.015092321899425028
}