{
    "E_init": 0.012976968184029712,
    "E_PI": 0.00840187693049452,
    "N_SP": 1,
    "E_ref": 0.01327351896902108
}