{
    "E_init": 0.012976968184029712,
    "E_PI": 0.139073782439856,
    "N_SP": 5,
    "E_ref": 0.07757952700036813
}