{
    "E_init": 0.012976968184029712,
    "E_PI": 0.017403192330779096,
    "N_SP": 3,
    "E_ref": 0.013594102427222254
}