{
    "E_init": 0.012976968184029712,
    "E_PI": 0.0013759818020840637,
    "N_SP": 1,
    "E_ref": 0.012738758347506892
}