{
    "E_init": 0.012976968184029712,
    "E_PI": 0.2756358348823913,
    "N_SP": 6,
    "E_ref": 0.08013810492796951
}