{
    "E_init": 0.012976968184029712,
    "E_PI": 0.004116243285091282,
    "N_SP": 1,
    "E_ref": 0.012741481747867146
}