{
    "E_init": 0.012976968184029712,
    "E_PI": 0.003488259056167133,
    "N_SP": 1,
    "E_ref": 0.012549919581415415
}