{
    "E_init": 0.012976968184029712,
    "E_PI": 0.3533642383037948,
    "N_SP": 5,
    "E_ref": 0.08190816769012493
}