{
    "E_init": 0.012976968184029712,
    "E_PI": 0.13063603413030084,
    "N_SP": 6,
    "E_ref": 0.07646223781638309
}