{
    "E_init": 0.012976968184029712,
    "E_PI": 0.04673010747260887,
    "N_SP": 6,
    "E_ref": 0.0320637483638115
}