{
    "E_init": 0.012976968184029712,
    "E_PI": 0.2104661321696777,
    "N_SP": 6,
    "E_ref": 0.07806239185536784
}