{
    "E_init": 0.012976968184029712,
    "E_PI": 0.16678313306400264,
    "N_SP": 4,
    "E_ref": 0.07802405869060931
}