{
    "E_init": 0.012976968184029712,
    "E_PI": 0.0017561589346446163,
    "N_SP": 1,
    "E_ref": 0.012765147790343087
}