{
    "E_init": 0.012976968184029712,
    "E_PI": 0.003319855986574361,
    "N_SP": 1,
    "E_ref": 0.012721049859407316
}