{
    "E_init": 0.012976968184029712,
    "E_PI": 0.005655013865249317,
    "N_SP": 3,
    "E_ref": 0.013137263085112861
}