{
    "E_init": 0.012976968184029712,
    "E_PI": 0.14770397672198343,
    "N_SP": 5,
    "E_ref": 0.07796948503883235
}