{
    "E_init": 0.012976968184029712,
    "E_PI": 0.00048508955059107443,
    "N_SP": 1,
    "E_ref": 0.012517908544949373
}