{
    "E_init": 0.012976968184029712,
    "E_PI": 0.1725979714580173,
    "N_SP": 7,
    "E_ref": 0.077968960879707
}