{
    "E_init": 0.012976968184029712,
    "E_PI": 0.0031331110019942017,
    "N_SP": 1,
    "E_ref": 0.012565760019671047
}