{
    "E_init": 0.012976968184029712,
    "E_PI": 0.02667319044351378,
    "N_SP": 6,
    "E_ref": 0.01864063897866723
}