{
    "E_init": 0.012976968184029712,
    "E_PI": 0.28834850309190757,
    "N_SP": 6,
    "E_ref": 0.08044144055193123
}