{
    "E_init": 0.012976968184029712,
    "E_PI": 0.0037840014911574155,
    "N_SP": 2,
    "E_ref": 0.012716777781974059
}