{
    "E_init": 0.012976968184029712,
    "E_PI": 0.21614451694833706,
    "N_SP": 7,
    "E_ref": 0.07823074155251893
}