{
    "E_init": 0.012976968184029712,
    "E_PI": 0.20117238871697077,
    "N_SP": 6,
    "E_ref": 0.07781541413951389
}