{
    "E_init": 0.012976968184029712,
    "E_PI": 0.12095118301765345,
    "N_SP": 6,
    "E_ref": 0.07480554778600419
}