{
    "E_init": 0.012976968184029712,
    "E_PI": 0.10911438493831718,
    "N_SP": 5,
    "E_ref": 0.07204175656674422
}