{
    "E_init": 0.012976968184029712,
    "E_PI": 0.00781797140376457,
    "N_SP": 1,
    "E_ref": 0.013117593896647076
}