{
    "E_init": 0.012976968184029712,
    "E_PI": 0.19201905482471884,
    "N_SP": 5,
    "E_ref": 0.07782554201918909
}