{
    "E_init": 0.012976968184029712,
    "E_PI": 0.011798901250997071,
    "N_SP": 4,
    "E_ref": 0.013319053302055607
}