{
    "E_init": 0.012976968184029712,
    "E_PI": 0.182205464932268,
    "N_SP": 5,
    "E_ref": 0.07777603307094824
}