{
    "E_init": 0.012976968184029712,
    "E_PI": 0.0024171410367339638,
    "N_SP": 1,
    "E_ref": 0.01260525562234797
}