{
    "E_init": 0.012976968184029712,
    "E_PI": 0.060277853773747926,
    "N_SP": 13,
    "E_ref": 0.04502856804564693
}