{
    "E_init": 0.012976968184029712,
    "E_PI": 0.006184681031526667,
    "N_SP": 3,
    "E_ref": 0.012973083874582694
}