{
    "E_init": 0.012976968184029712,
    "E_PI": 0.3145234913560115,
    "N_SP": 6,
    "E_ref": 0.08112337355818128
}