{
    "E_init": 0.012976968184029712,
    "E_PI": 0.0010388257022498134,
    "N_SP": 1,
    "E_ref": 0.01270910292340882
}