{
    "E_init": 0.012976968184029712,
    "E_PI": 0.00460784388907082,
    "N_SP": 2,
    "E_ref": 0.012685461589475717
}