{
    "E_init": 0.012976968184029712,
    "E_PI": 0.0008679018148513338,
    "N_SP": 1,
    "E_ref": 0.01253538903637537
}