{
    "E_init": 0.012976968184029712,
    "E_PI": 0.0025721278784917516,
    "N_SP": 1,
    "E_ref": 0.012759386636582902
}