{
    "E_init": 0.012976968184029712,
    "E_PI": 0.00016905850134348792,
    "N_SP": 1,
    "E_ref": 0.01250845598469525
}