{
    "E_init": 0.012976968184029712,
    "E_PI": 0.002938391805079581,
    "N_SP": 1,
    "E_ref": 0.012739432180224766
}