{
    "E_init": 0.012976968184029712,
    "E_PI": 0.15567723739526337,
    "N_SP": 6,
    "E_ref": 0.07818105300046028
}