{
    "E_init": 0.012976968184029712,
    "E_PI": 0.0015676761989174524,
    "N_SP": 1,
    "E_ref": 0.012591221344049063
}