{
    "E_init": 0.012976968184029712,
    "E_PI": 0.34168133560127906,
    "N_SP": 6,
    "E_ref": 0.08164415199480293
}