{
    "E_init": 0.012976968184029712,
    "E_PI": 0.0006748329557628911,
    "N_SP": 1,
    "E_ref": 0.01268629026037573
}