{
    "E_init": 0.012976968184029712,
    "E_PI": 0.004780423750444521,
    "N_SP": 2,
    "E_ref": 0.01301034576566284
}