{
    "E_init": 0.012976968184029712,
    "E_PI": 0.004000087371438891,
    "N_SP": 1,
    "E_ref": 0.012561909160525762
}