{
    "E_init": 0.012976968184029712,
    "E_PI": 0.003631047804486537,
    "N_SP": 1,
    "E_ref": 0.012710677009162284
}