{
    "E_init": 0.012976968184029712,
    "E_PI": 0.32302563443807525,
    "N_SP": 8,
    "E_ref": 0.08148505079716474
}