{
    "E_init": 0.012976968184029712,
    "E_PI": 0.0022816104191035035,
    "N_SP": 1,
    "E_ref": 0.012775269852453142
}