{
    "E_init": 0.012976968184029712,
    "E_PI": 0.0,
    "N_SP": 0,
    "E_ref": 0.012668021025033808
}