{
    "E_init": 0.012976968184029712,
    "E_PI": 0.016516307694173577,
    "N_SP": 5,
    "E_ref": 0.014369938061676276
}