{
    "E_init": 0.012976968184029712,
    "E_PI": 0.004936152075139574,
    "N_SP": 2,
    "E_ref": 0.013054304616104098
}