{
    "E_init": 0.012976968184029712,
    "E_PI": 0.0045224935206901766,
    "N_SP": 1,
    "E_ref": 0.012627130949779984
}