{
    "E_init": 0.012976968184029712,
    "E_PI": 0.3013346012823084,
    "N_SP": 6,
    "E_ref": 0.08087663714960511
}