{
    "E_init": 0.012976968184029712,
    "E_PI": 0.011624090231307168,
    "N_SP": 1,
    "E_ref": 0.015055767251676361
}