{
    "E_init": 0.012976968184029712,
    "E_PI": 0.0323073040990551,
    "N_SP": 6,
    "E_ref": 0.022041482626461117
}