{
    "E_init": 0.012976968184029712,
    "E_PI": 0.0044262705886493675,
    "N_SP": 2,
    "E_ref": 0.012805253609835107
}