{
    "E_init": 0.012976968184029712,
    "E_PI": 0.0019228096390394198,
    "N_SP": 1,
    "E_ref": 0.012611765735217065
}