{
    "E_init": 0.012976968184029712,
    "E_PI": 0.22981974611216688,
    "N_SP": 6,
    "E_ref": 0.07861991749603495
}