{
    "E_init": 0.012976968184029712,
    "E_PI": 0.08982702653978875,
    "N_SP": 5,
    "E_ref": 0.0636334860290667
}