{
    "E_init": 0.012976968184029712,
    "E_PI": 0.0050740217122583735,
    "N_SP": 2,
    "E_ref": 0.013332845354826183
}