{
    "E_init": 0.012976968184029712,
    "E_PI": 0.024971538261931374,
    "N_SP": 5,
    "E_ref": 0.01657327096816655
}