{
    "E_init": 0.012976968184029712,
    "E_PI": 0.004031039741527311,
    "N_SP": 2,
    "E_ref": 0.012592937314116525
}