{
    "E_init": 0.012976968184029712,
    "E_PI": 0.004392733215179544,
    "N_SP": 1,
    "E_ref": 0.012776255247535399
}