{
    "K": 2.9889698589929736,
    "mu": 0.00013663005162825449,
    "L_f": 0.0,
    "delta_mean": 0.001366300516282545,
    "r0": 0.0005316988152489432
}