{
    "K": 2.2476666532455147,
    "mu": 0.0002006263947450913,
    "L_f": -1.9739208802178716,
    "delta_mean": 0.0020062639474509127,
    "r0": 0.0005818836772340182,
    "M": 1.0
}