{
    "K": 1.8402707127457656,
    "mu": 0.00016801871745138105,
    "L_f": 0.0,
    "delta_mean": 0.0016801871745138104,
    "r0": 0.0002036638535155168,
    "M": 1.0
}