{
    "K": 0.0003077400804383749,
    "mu": 4.805729279964254e-05,
    "L_f": 0.0,
    "delta_mean": 0.0004805729279964254,
    "r0": 0.012976968184029712
}