{
    "K": 48.44154119381838,
    "mu": 0.004194957851882155,
    "L_f": 0.0,
    "delta_mean": 0.04194957851882155,
    "r0": 0.12542000455553,
    "M": 1.0
}