{
    "K": 13.607003514916519,
    "mu": 0.0037257717371055837,
    "L_f": 0.0,
    "delta_mean": 0.037257717371055835,
    "r0": 0.014870232357473574,
    "M": 164.43
}